method,sse,param_error,cond_J_last
QR,12.768922961495397,3.219639880342195,843.0781863784204
NormalEq,12.73802080185981,2.61172145664974,111.26737456030057
