method,sse,param_error
GN,1590.2810889042694,2.053165730417547
LM,0.576379799788951,0.004733105956545208
